,CWFname,Ndat,min,Q1_IQR,Q1,Med,Q3,Q3_IQR,max,IQR,RMSE
0,MC 2010,204,-0.149,-0.149,-0.035,0.006,0.046,0.16749999999999998,0.232,0.081,0.071
1,Noakowski,204,-0.184,-0.16699999999999998,-0.047,0.008,0.033,0.153,0.246,0.08,0.068
2,Gergely + Lutz,204,-0.245,-0.23450000000000001,-0.089,-0.046,0.008,0.15350000000000003,0.156,0.097,0.084
3,SMTCM,204,-0.225,-0.225,-0.068,-0.015,0.053,0.2345,0.259,0.121,0.087
