,CWFname,Ndat,min,Q1_IQR,Q1,Med,Q3,Q3_IQR,max,IQR,RMSE
0,MC 2010,1082,-0.262,-0.11399999999999999,-0.036,-0.01,0.016,0.094,0.192,0.052,0.046
1,MC 2020,1082,-0.27,-0.1165,-0.034,-0.007,0.021,0.10350000000000001,0.15,0.055,0.045
2,Noakowski,1082,-0.295,-0.15050000000000002,-0.065,-0.034,-0.008,0.07750000000000001,0.14,0.057,0.06
3,Menn,1082,-0.288,-0.1235,-0.035,-0.008,0.024,0.11249999999999999,0.218,0.059,0.055
4,SMTCM,1082,-0.38,-0.092,-0.008,0.019,0.048,0.132,0.198,0.056,0.057
