,CWFname,Ndat,min,Q1_IQR,Q1,Med,Q3,Q3_IQR,max,IQR,RMSE
0,MC 2010,84,-0.149,-0.149,-0.041,-0.004,0.035,0.149,0.169,0.076,0.071
1,Noakowski,84,-0.184,-0.184,-0.059,0.004,0.039,0.167,0.167,0.098,0.075
2,Menn,84,-0.092,-0.092,0.031,0.089,0.124,0.2635,0.329,0.093,0.12
3,Gergely + Lutz,84,-0.245,-0.23550000000000001,-0.093,-0.059,0.002,0.092,0.092,0.095,0.087
4,SMTCM,84,-0.225,-0.225,-0.065,-0.012,0.045,0.21000000000000002,0.259,0.11,0.088
